date,raw_value,z_score,trembling,direction,source_note,obs_date,status
2026-06-22,135,,0,,Fingrid dataset 177 max |dev| over 1435 points (24h),,warming-up
2026-06-23,135,,0,,Fingrid dataset 177 max |dev| over 1429 points (24h),,warming-up
2026-06-24,85,,0,,Fingrid dataset 177 max |dev| over 1435 points (24h),,warming-up
2026-06-25,96,,0,,Fingrid dataset 177 max |dev| over 1437 points (24h),,warming-up
2026-06-26,97,,0,,Fingrid dataset 177 max |dev| over 1438 points (24h),,warming-up
2026-06-27,101,,0,,Fingrid dataset 177 max |dev| over 1436 points (24h),,warming-up
2026-06-28,85,,0,,Fingrid dataset 177 max |dev| over 1438 points (24h),,warming-up
2026-06-29,150,,0,,Fingrid dataset 177 max |dev| over 1435 points (24h),,warming-up
2026-06-30,169,,0,,Fingrid dataset 177 max |dev| over 1436 points (24h),,warming-up
2026-07-01,115,,0,,Fingrid dataset 177 max |dev| over 1437 points (24h),,warming-up
2026-07-02,103,-0.147,0,down,Fingrid dataset 177 max |dev| over 1436 points (24h),,scoring
2026-07-03,89,-0.525,0,down,Fingrid dataset 177 max |dev| over 1437 points (24h),,scoring
2026-07-04,114,0.540,0,up,Fingrid dataset 177 max |dev| over 1436 points (24h),,scoring
2026-07-05,101.6,-0.067,0,down,Fingrid dataset 177 max |dev| over 1435 points (24h),,scoring
2026-07-06,120,0.918,0,up,Fingrid dataset 177 max |dev| over 1437 points (24h),,scoring
2026-07-07,103,0.000,0,flat,Fingrid dataset 177 max |dev| over 1438 points (24h),,scoring
2026-07-08,155,2.698,0,up,Fingrid dataset 177 max |dev| over 1437 points (24h),,scoring
2026-07-09,99,-0.193,0,down,Fingrid dataset 177 max |dev| over 1434 points (24h),,scoring
2026-07-10,93,-0.519,0,down,Fingrid dataset 177 max |dev| over 1436 points (24h),,scoring
2026-07-11,66,-2.080,0,down,Fingrid dataset 177 max |dev| over 1436 points (24h),,scoring
2026-07-12,166,3.305,1,up,Fingrid dataset 177 max |dev| over 1438 points (24h),,scoring
2026-07-13,111,0.385,0,up,Fingrid dataset 177 max |dev| over 1438 points (24h),,scoring
2026-07-14,126,1.193,0,up,Fingrid dataset 177 max |dev| over 1438 points (24h),,scoring
2026-07-15,86,-0.819,0,down,Fingrid dataset 177 max |dev| over 1436 points (24h),,scoring
2026-07-16,104,0.044,0,up,Fingrid dataset 177 max |dev| over 1437 points (24h),,scoring
2026-07-17,186,3.999,1,up,Fingrid dataset 177 max |dev| over 1436 points (24h),,scoring
2026-07-18,97,-0.283,0,down,Fingrid dataset 177 max |dev| over 1437 points (24h),,scoring
2026-07-19,122,0.915,0,up,Fingrid dataset 177 max |dev| over 1434 points (24h),,scoring
2026-07-20,153,2.154,0,up,Fingrid dataset 177 max |dev| over 1434 points (24h),,scoring
2026-07-21,93,-0.464,0,down,Fingrid dataset 177 max |dev| over 1433 points (24h),,scoring
2026-07-22,96,-0.326,0,down,Fingrid dataset 177 max |dev| over 1436 points (24h),,scoring
2026-07-23,95,-0.342,0,down,Fingrid dataset 177 max |dev| over 1434 points (24h),,scoring
2026-07-24,123,0.915,0,up,Fingrid dataset 177 max |dev| over 1435 points (24h),,scoring
2026-07-25,128.6,1.092,0,up,Fingrid dataset 177 max |dev| over 1437 points (24h),,scoring
2026-07-26,149,1.897,0,up,Fingrid dataset 177 max |dev| over 1438 points (24h),,scoring
2026-07-27,109,0.213,0,up,Fingrid dataset 177 max |dev| over 1439 points (24h),,scoring
2026-07-28,127,0.850,0,up,Fingrid dataset 177 max |dev| over 1437 points (24h),,scoring
2026-07-29,158.8,1.938,0,up,Fingrid dataset 177 max |dev| over 1438 points (24h),,scoring
2026-07-30,91,-0.784,0,down,Fingrid dataset 177 max |dev| over 1435 points (24h) [sampled 23:01:56Z],,scoring
2026-07-31,147,1.611,0,up,Fingrid dataset 177 max |dev| over 1436 points (24h) [sampled 23:12:19Z],,scoring
2026-08-01,113,0.123,0,up,Fingrid dataset 177 max |dev| over 1437 points (24h) [sampled 23:06:47Z],,scoring
2026-08-02,125,0.543,0,up,Fingrid dataset 177 max |dev| over 1438 points (24h) [sampled 22:58:36Z],,scoring
2026-08-03,124,0.491,0,up,Fingrid dataset 177 max |dev| over 1438 points (24h) [sampled 22:59:42Z],,scoring
2026-08-04,111,-0.077,0,down,Fingrid dataset 177 max |dev| over 1438 points (24h) [sampled 00:53:19Z],,scoring
2026-08-05,173,2.485,0,up,Fingrid dataset 177 max |dev| over 1436 points (24h) [sampled 23:07:07Z],,scoring
2026-08-06,119,0.232,0,up,Fingrid dataset 177 max |dev| over 1439 points (24h) [sampled 23:05:23Z],,scoring
2026-08-07,104,-0.386,0,down,Fingrid dataset 177 max |dev| over 1436 points (24h) [sampled 01:30:55Z],,scoring
2026-08-08,111,-0.077,0,down,Fingrid dataset 177 max |dev| over 1437 points (24h) [sampled 22:41:44Z],,scoring
2026-08-09,119,0.283,0,up,Fingrid dataset 177 max |dev| over 1435 points (24h) [sampled 22:34:24Z],,scoring
2026-08-10,129,0.673,0,up,Fingrid dataset 177 max |dev| over 1438 points (24h) [sampled 22:35:52Z],,scoring
2026-08-11,126,0.504,0,up,Fingrid dataset 177 max |dev| over 1436 points (24h) [sampled 22:42:29Z],,scoring
2026-08-12,139,1.051,0,up,Fingrid dataset 177 max |dev| over 1435 points (24h) [sampled 22:49:29Z],,scoring
2026-08-13,134,0.785,0,up,Fingrid dataset 177 max |dev| over 1435 points (24h) [sampled 22:47:17Z],,scoring
2026-08-14,158,1.655,0,up,Fingrid dataset 177 max |dev| over 1436 points (24h) [sampled 22:49:25Z],,scoring
2026-08-15,90,-1.084,0,down,Fingrid dataset 177 max |dev| over 1436 points (24h) [sampled 22:28:12Z],,scoring
2026-08-16,130,0.577,0,up,Fingrid dataset 177 max |dev| over 1437 points (24h) [sampled 22:26:43Z],,scoring
2026-08-17,83,-1.362,0,down,Fingrid dataset 177 max |dev| over 1437 points (24h) [sampled 22:26:33Z],,scoring
2026-08-18,143,1.076,0,up,Fingrid dataset 177 max |dev| over 1436 points (24h) [sampled 22:29:02Z],,scoring
2026-08-19,100,-0.679,0,down,Fingrid dataset 177 max |dev| over 1433 points (24h) [sampled 22:28:32Z],,scoring
2026-08-20,116,0.038,0,up,Fingrid dataset 177 max |dev| over 1436 points (24h) [sampled 22:28:51Z],,scoring
2026-08-21,125,0.379,0,up,Fingrid dataset 177 max |dev| over 1435 points (24h) [sampled 22:32:23Z],,scoring
2026-08-22,97,-0.729,0,down,Fingrid dataset 177 max |dev| over 1437 points (24h) [sampled 22:29:44Z],,scoring
2026-08-23,82,-1.333,0,down,Fingrid dataset 177 max |dev| over 1437 points (24h) [sampled 22:26:37Z],,scoring
2026-08-24,142.2,1.043,0,up,Fingrid dataset 177 max |dev| over 1435 points (24h) [sampled 22:26:39Z],,scoring
2026-08-25,86,-1.172,0,down,Fingrid dataset 177 max |dev| over 1438 points (24h) [sampled 22:31:21Z],,scoring
