date,line,verdict,note
2026-06-30,sofr_iorb_spread,benign,"Quarter-end repo turn: SOFR fixed +3bp over IORB at Q2 end (99th pct 3.80%), normalized within 2 days; no SRF borrowing. One of the mildest recent turns (vs +25bp Sep-2024, record $50B SRF Oct-2025). NY Fed (Perli, Jul 9): reserves ample, early-July softness seasonal."
2026-07-02,cnh_cny,benign,"Spread flipped negative (-4 pips, CNH stronger): HK quarter-end CNH liquidity squeeze (MOF offshore-bond demand pushed CNH funding costs to 2-month high) on a backdrop of yuan appreciation pressure (+2.3% YTD) with PBOC fixings anchoring onshore."
2026-07-05,flights,benign,"July-4 holiday-weekend Sunday dip stacked with real disruption: US heat-dome thunderstorms (182 cancellations/693 delays peaking near the 22:00 UTC sample) after a Jul-4 ORD ground stop, plus a nationwide Italy aviation strike incl. 24h ENAV Milan ACC walkout (438 flights) inside the W/C Europe circle. Possible amplification from ADS-B provider flakiness that week."
2026-07-05,net_outages,mixed,"Guam: Super Typhoon Bavi (Cat 5, 180mph) landfall Rota/Guam Jul 5-6 destroyed much of the power grid — genuine ~5.4-day outage, score ~155k. The wider 16-18-country spike (Jul 8-10) is mostly an IODA monitoring artifact: gtr datasource began emitting country events Jul 1, bgp/merit-nt on Jul 5 (52/89 spike events are merit-nt micro-events in North Macedonia); ping-slash24 stayed at baseline."
2026-07-07,cnh_cny,benign,"Spread -20 pips (CNH stronger), same day as PBOC Governor Pan Gongsheng's Hong Kong offshore-yuan package at the Bond Connect Forum: Southbound quota 500bn->800bn yuan, RMB Business Facility doubled to 500bn, more FX reserves to HK assets — an offshore-specific bullish CNH catalyst."
2026-07-08,chokepoint_breadth,benign,"Up-move (2017 transits, direction=up = MORE ships): Strait of Hormuz reopened — from ~2/day under the June blockade to 22-42/day by early July. A de-escalation signal; the alarming direction for this line is down."
2026-07-10,(all),method,"Observation dedup: rows gained an obs_date column; the z baseline now uses only the first occurrence of each observation (lagged sources republish readings, and duplicates shrink MAD / inflate step z). A republished observation scores no new z and raises no flag. Windows also cap at 180 calendar days. Applied forward only; historical z/trembling values were not rewritten (obs_date was backfilled from each row's own source_note). Backtest over the 19-day history: the chokepoint/port/sofr publication-step trembles of 07-02..07-10 would not have fired under these rules."
2026-07-10,(all),method,"Direction-aware resonance: the trembling flag still records |z|>3 in either direction, but trembling_count now counts only trembles in a line's declared alarm direction. A guard visibly reasserting itself (e.g. a strait reopening) is recorded as a benign shift, not disorder. Applied forward only."
2026-07-10,(all),method,"Weekly-cycle warm-up veto: until a cyclic line has 10 same-weekday samples, a full-window tremble is suppressed when today's level lies within the same-weekday min-max envelope (nonparametric; a genuine crisis value cannot be vetoed). Every suppression is written into source_note."
2026-07-10,flights,method,ADS-B region sanity floor: a provider reporting under ~30 aircraft for a region is treated as a suspected degraded feed and the next provider is tried; two providers agreeing under-floor is accepted as a real reading (corroboration). Per-region counts now recorded in source_note. Also applies to cn_flights.
2026-07-10,gdelt,method,"Series v2: the conflict share is now aggregated over the ENTIRE previous UTC day (~96 15-minute files, ~100k events) instead of sampling one file, and sets obs_date. v1 was noise-dominated (8->23% inside a week); archived at data/archive/gdelt_v1.csv. v2 starts fresh."
2026-07-10,gdelt_tone,method,"New feel line: full-day average news tone from the same GDELT aggregation pass. Contrast only (no guard), never counted."
2026-07-10,net_outages,method,"Series v2: the count is now restricted to IODA's ping-slash24 datasource. The v1 series counted every datasource, and IODA activating new detectors mid-series (gtr 07-01, bgp/merit-nt 07-05) inflated the count — sensor inflation, not disorder. v1 archived at data/archive/net_outages_v1.csv; v2 starts fresh under warm-up."
2026-07-10,sofr_iorb_spread,benign,"Start of a soft-funding run: SOFR fell to 7, then 12, then 10 bp BELOW the IORB ceiling (obs Jul 8-10) before firming and softening again to -8 bp by obs Jul 20. This is ample-reserve softness, not stress. The NY Fed's SOMA manager diagnosed it publicly on Jul 9, noting repo had gone as low as 15 bp below IORB in mid-May: a downward shift in the reserve demand curve from seasonally low bill supply, more dealer repo intermediation, lower repo financing demand and a temporary rise in GSE repo investment, plus reserve supply from a falling TGA and ongoing reserve management purchases — with no evidence of a material change in banks' demand for reserves (reserves ~$3.1T, ON RRP ~zero). The alarm direction for this line is UP: stress is the spread compressing toward zero and going positive, as in Sep-Nov 2025. Watch August, when heavy net bill issuance (~$348bn in the Jul-Sep quarter, TGA rebuilding toward ~$1T) may push it back up. The three down-trembles were correctly excluded from the resonance count."
2026-07-10,vix,method,"New feel line: VIX daily close via keyless FRED (VIXCLS). Excluded as a tension indicator by the spec (no guard) — admitted as a CONTRAST line, whose job is measuring priced fear. Seeded with 180 days of archive scored through the standard pipeline, so its baseline needed no warm-up; seed rows are dated by observation date and noted as archive imports."
2026-07-12,grid_frequency,artifact,"166 mHz daily maximum tripped the threshold with no Nordic or Baltic power system incident found — no generator trip, HVDC fault or nuclear outage on or near the date (Olkiluoto's 2026 annual outages ran Apr 6-16 and Apr 19-Jun 13, both finished; its only 2026 trip was Jan 2). The threshold is simply too tight: Fingrid's normal band is +/-100 mHz and the Nordic frequency leaves it roughly 27 minutes every day, while Fingrid's own bar for a large deviation is >300 mHz — 11 such events in all of 2024. Mid-July is also the low-inertia, low-load season, structurally the worst for frequency quality. See the paired method row: a daily MAXIMUM is an extreme-value statistic and is mis-specified under a symmetric MAD z."
2026-07-17,grid_frequency,artifact,"186 mHz daily maximum, same cause as 2026-07-12: no incident found, and 186 mHz sits far below Fingrid's own 300 mHz large-deviation bar. Two false trembles in 31 days (a 9.5% rate) is the evidence that this line's statistic, not the world, is the problem."
2026-07-19,flights,real,"Sat Jul 18 evening: US East fell to 331 aircraft (14-day median ~729) while Europe, US West and Japan stayed normal. SPC had an enhanced risk of severe thunderstorms across the Northeast/Mid-Atlantic/Lower Great Lakes with the strongest storms afternoon into early evening — the 22:54 UTC sample sits inside the peak. Over 1,000 US cancellations that Saturday; a separate nationwide United systems failure (~06:00-07:17 CT) helped drive 2,437 cancellations across Jul 18-19. Caveat: Saturday-evening traffic is structurally below the weekday baseline, so part of this drop is day-of-week and part is storm. Did not trip (z=-2.802)."
2026-07-20,chokepoint_breadth,artifact,"The first alarm-direction tremble the rebuilt v2 series produced (obs 2026-07-10, 1,564 transits, z=-4.63) is an AIS COVERAGE ARTIFACT, not a trade disruption. Per-strait data pulled from PortWatch shows the drop is 100% accounted for by three straits, and the largest by far is the Taiwan Strait collapsing 277 (07-08) -> 176 -> 28 (07-10) -> 59 -> 401 (07-12) -> 221. The 401 is the giveaway: real traffic cannot fall to 10% of normal and then rise to 145% within 48 hours, so this is a gap-then-backfill in the AIS feed. Malacca (-62) and Bohai (-38) moved with it, the West Pacific signature of one coverage outage rather than three simultaneous blockades. THE MORE IMPORTANT HALF: the same query shows the Strait of Hormuz fell from 26-28 transits/day (07-05..07-07) to 15, 11, 9 and 6 by 07-12, then STAYED at 9-17 through 07-19 without any compensating rebound — the shape of a real blockade, sustained and one-directional. That is a ~65% reduction on the single most consequential strait on earth, and it moved the 28-strait total by 6 vessels out of a 350 swing, about 1.7%. So this line fired on noise and stayed silent on the signal, in the same fortnight. It is the clearest demonstration yet of the aggregation-dilution limit recorded in radar.md: the source CAN see Hormuz, and the statistic tremor computes from it throws that away."
2026-07-21,gdelt_tone,mixed,"CORRECTED 2026-07-22 — see the correction row of the same date; the original note misattributed a weekday control to this row. What this row actually scored is the observation of SUNDAY 2026-07-19, the lowest-volume day in the series (55,356 events against a weekday norm near 108,000). Against its own weekday class — the three prior weekend observations, -1.816 / -2.041 / -2.222 — this reading of -2.323 scores about -1.05, not -4.414. The recorded -4.414 comes from a baseline that is mostly weekdays, so the tremble is substantially the uncorrected weekly cycle (weekend tone averages -2.100 against a weekday -1.897). The WAR WAS REAL: the Jun 17 US-Iran ceasefire had collapsed, the IRGC closed the Strait of Hormuz, on Jul 20 the Houthis declared a full naval blockade of Saudi Arabia and the Pentagon identified two more US soldiers killed in Jordan (at least 17 in total), Iran widened strikes to Bahrain, Kuwait and Jordan, three tankers burned in Hormuz and Brent settled +2% at $91.01. But the genuine weekday signal is the NEXT row (2026-07-22, observation Monday 2026-07-20, tone -2.114 = -4.31 sd against a weekday-only baseline), and that row scored only -2.005 and did NOT tremble. The instrument trembled on the artifact day and stayed silent on the real one. Both halves of that are worth keeping in the record."
2026-07-21,port_throughput,artifact,"The obs 2026-07-11 tremble (4,039 port calls, z=-3.20) sits on the trough of an uncorrected WEEKLY CYCLE and coincides with the AIS coverage gap documented in the chokepoint_breadth row of 2026-07-20. Measured over the 203-row v2 history, port calls run Mon +8.4%, Sat -5.9%, Sun -7.4% against the overall mean — a weekend that is 9.1% below the weekday level. BOTH of this line's trembles sit on cycle extremes: obs 2026-04-27 (Monday, the peak day, z=+5.01) and obs 2026-07-11 (Saturday, a trough day, z=-3.20). Not counted (tier-2), but recorded so the pattern is not mistaken for signal. See the paired method row on why the cycle is NOT being corrected."
2026-07-22,(all),correction,"The gdelt_tone annotation of 2026-07-21 was wrong when first written and has been rewritten in place (the original text is in this file's git history). It defended a tremble by citing a weekday control that had been computed on a DIFFERENT ROW: the trembling row scored the Sunday 2026-07-19 observation, while the quoted -4.31 sd weekday check belonged to the 2026-07-22 row, which scored the Monday 2026-07-20 observation and did not tremble. Recorded rather than quietly fixed, because an instrument whose value is honesty has to show its own errors at the same resolution as its findings."
2026-07-22,(all),method,"MISS RECORDED. Between Jul 7 and Jul 22 the tier-1 resonance read 0 of 4 every single day. During that window the US-Iran ceasefire collapsed, the Strait of Hormuz was closed, the Houthis declared a naval blockade of Saudi Arabia, at least 17 US service members were killed and Brent reached $91. The instrument was not wrong about its own lines — credit spreads (2.69), the yuan spread and GPS interference genuinely did not strain — but it had no sensor pointed at the Gulf. flights watches only W/C Europe, US East, US West and E Asia/Japan; gnss_interference sums every h3 cell on earth into a single global ratio and so has no regional sensitivity at all; the one line watching Hormuz is tier-2, lags about eight days, and could not score. A reading of 0/4 therefore meant 'we were not looking there', while the dashboard presented it as 'the instruments are calm'. Logged before any fix, so the failure is part of the permanent record rather than an embarrassment edited out of it."
2026-07-22,(all),method,"Scale estimator changed from MAD to Rousseeuw-Croux Qn in core/normalize.py. The centre stays the median and THRESHOLD stays 3.0, WINDOW 90, MIN_POINTS 10. Reason: MAD is biased narrow on the short windows tremor actually runs on — measured at about 0.91 sigma at n=10 against Qn's 1.00 — and a narrow denominator inflates every z. Measured null exceedance of |z|>3 on iid Gaussian data falls from 5.3% to 2.7% at n=10, 2.1% to 1.2% at n=20 and 0.56% to 0.36% at n=90; Qn also carries about half MAD's sampling variance, so it improves power at matched false-alarm rate. NOT a claim that 3.0 now means 0.3%: at ten points no scale estimator delivers that, and the honest description is roughly half the false alarms for the same threshold. Replayed over all 341 scored rows on file the tremble rate goes 7.3% to 6.5%; the adjudicated grid_frequency artifact of 2026-07-12 is suppressed (+3.31 to +2.55) while the one of 2026-07-17 survives (+4.00 to +3.29), em_corp_oas goes 9.1% to 0%, and — the reason this ships now rather than later — the adjudicated REAL flights event of 2026-07-22 is recovered, moving from -2.695 (silent, below threshold) to -3.014 (trembling). Applied FORWARD ONLY: no historical z was rewritten, so every series carries a seam at this date. A test suite now locks the scoring rules that must not drift (tests/test_normalize.py)."
2026-07-22,(all),method,"The median-centered RMS fallback is removed from _scale_z. When the robust scale collapsed — more than half the window sharing one value — scoring used to fall through to an RMS with a breakdown point of ZERO. On the real sofr_iorb_spread window of 2026-07-02, [-3,-3,-4,-3,-3,-1,-1,-1,-3,-3], that produced z=5.262 and a tremble from a three-basis-point integer move; on a window of nine zeros and a one, a reading of 1 scored 3.16. That is a fabricated magnitude arriving through a legitimate-looking door, and it contradicts the rule that no spread yields None. A window with no resolvable dispersion now returns None. Replaying every committed row, this costs zero z-scores today — Qn resolves every window where the old code needed the fallback — so it closes a latent hazard at no cost to coverage."
2026-07-22,(all),method,"Weekday de-cycling now keys off the OBSERVATION date, not the row date. A line with WEEKLY_CYCLE bucketed its history by the day the row was written; for a lagged source that is the wrong day. GDELT publishes the previous full UTC day and the lag is not even constant — across the 13 rows on file the row weekday differs from the observation weekday on all 13, with lags of one and two days — so de-cycling by row date would have smeared the very rhythm it exists to remove. The calendar age cap still uses the row date, deliberately: changing that would silently shift the baseline boundary on the PortWatch and FRED lines. For a live snapshot line the two dates are the same and nothing changes; replaying every committed row of every line, this fix alters nothing on the current record."
2026-07-22,(all),method,"Every row now carries a STATUS: scoring / warming-up / stale / dark / no-spread, and summary.csv gains blind_count and scoring_count. A line reporting nothing used to be in one of six different states, all rendered as an empty z-score — which is precisely how the Hormuz closure went unnoticed for fifteen days: the only line watching it COULD NOT SCORE, and that was indistinguishable from calm. The dashboard denominator is now the number of instruments that could actually answer, so a day can read '0 of 3 scoring, 1 line cannot score'. Historical rows were migrated by DERIVING status from what each row already contained — dark from an empty value, stale from its own note, scoring from a present z-score — never by re-scoring, so no migrated status contradicts the verdict recorded at the time."
2026-07-22,chokepoint_breadth,method,"Series v2: fixed 10-day observation lag. IMF PortWatch is a COMPLETE DAILY series — all 28 chokepoints on every date back to 2019, no gaps — that is PUBLISHED WEEKLY in seven-day batches. v1 asked for the newest available day and kept one row, so on six days out of seven it re-recorded a reading it already held: it downloaded the whole week and threw six sevenths away. That, not the publication lag, is why this line held 6 distinct observations in 31 days and could not score through the Hormuz closure. v2 reads the observation exactly 10 days back (the worst case between weekly releases is 9 days, plus a day of margin; a late release records the newest available and says '[behind]'), giving one new observation per collection day. Seeded from PortWatch's own archive via tools/seed_portwatch.py, replayed strictly in order so no row is judged against readings from its own future — the vix precedent of 2026-07-10. Result: 190 scored rows, tremble rate 2.1%. v1 archived at data/archive/chokepoint_breadth_v1.csv. IMPORTANT — THIS DOES NOT CLOSE THE HORMUZ GAP: the reading is a 28-strait TOTAL and Hormuz is one to two percent of it, so on the day the strait closed this line moved UP (obs 07-12, z=+2.64); the alarm-direction tremble it does record (obs 07-10, z=-4.63) comes from elsewhere in the basket. A per-strait breadth COUNT would see what this cannot, and is opened as a tier-3 candidate rather than built now. Also noted: PortWatch revises history — it now serves 2,133 transits for obs 2026-07-12 where the v1 record captured 2,137."
2026-07-22,chokepoint_breadth,real,"The Strait of Hormuz closure is visible in this line's RAW values — global chokepoint transits fell from 2,137 (obs Jul 12) to 1,828 (obs Jul 19), about -14% — but the line emitted NO z-score and raised NO flag. IMF PortWatch updates weekly, and after the observation-dedup rule this source has fewer than the 10 unique observations needed to judge honestly; it cannot score until roughly October 2026. The raw move is recorded here precisely because the instrument could not score it. This is the clearest case yet that a line which cannot score must be DISCLOSED as structurally blind rather than silently reading as quiet."
2026-07-22,flights,real,"Tue Jul 21 evening: US East fell to 293 aircraft (14-day median ~745, i.e. 39% of normal) with all three other regions normal — a clean weekday comparison. The FAA ran ground stops at nine East Coast airports (BWI, BOS, EWR, TEB, LGA, HPN, PHL, DCA, IAD) plus Toronto, with JFK on roughly a four-hour ground delay; about 2,000 flights cancelled and 5,000 delayed, ~7,000 disrupted, LGA worst hit at 408 cancellations. No evidence of any ADS-B feeder or aggregator outage on the date. The instrument read the event correctly and still did not trip: z=-2.695 against a -3.0 threshold — a near-miss worth remembering when judging the threshold."
2026-07-22,gdelt,method,"WEEKLY_CYCLE set. Measured over the v2 history, weekends carry about 61,900 events against 108,200 on weekdays, and the thinner weekend mix reads as MORE conflict (15.48% against 14.37%) and grimmer tone (-2.100 against -1.897); the correlation between event volume and conflict share is -0.83, and between volume and tone +0.71. The baseline will therefore be built from the same weekday once ten same-weekday observations exist, around mid-September 2026. NOT A VALIDATION OF ANYTHING TODAY: robust_z falls back to the full window until then, so replaying the current record produces byte-identical output and the flag is inert on arrival. Volume-regression de-cycling was considered and rejected — volume is itself a proxy for the weekday, and in a genuine war news volume RISES, so a volume model would attribute a real tone collapse to 'just more news' and suppress it."
2026-07-22,gdelt,real,"Conflict share reached 15.244%, +2.59 sd against a weekday-only baseline — same cause as the gdelt_tone note of 2026-07-21. Recorded without a tremble because this v2 series is still in warm-up."
2026-07-22,gdelt_tone,method,"WEEKLY_CYCLE set, same reasoning as the gdelt row of this date. Consequence worth stating in advance: the 2026-07-21 tremble scored a SUNDAY observation and its z against weekend observations alone is about -1.05, so once same-weekday baselining engages around mid-September that tremble would most likely not fire. It is left on the record as scored, forward-only, with its annotation corrected to say what it actually was."
2026-07-22,gnss_interference,method,"DEMOTED to tier-2. This line held a primary slot while structurally unable to do its stated job: it sums every h3 cell on earth into a single bad-GPS ratio, so a regional jamming campaign is diluted by global traffic. Through the July 2026 Gulf escalation it read 0.4668% at z=-0.12 while the airspace over Iran and the Hormuz approaches ran near 16%. Its Reach was scored 3 for being global; the honest score for a global AVERAGE is 1, because it responds to nowhere in particular. Regionalizing it was investigated on 95 days of real GPSJam files and deferred: every box that detected the episode lost the detection when its southern edge moved one degree, and the 90-day baseline spanned a tenfold growth in the sampling frame — the same sensor inflation that forced the net_outages v2 break. It keeps collecting on the watchlist."
2026-07-22,net_outages,method,"PROMOTED to tier-1, PROVISIONALLY and against this same round's own bar. Candidates were ranked on data: the freshness rule eliminated chokepoint_breadth, port_throughput and sofr_iorb_spread; first-difference correlation eliminated em_corp_oas as redundant (r=+0.74 against credit_spread); capital_premium and cn_flights duplicate domains already covered, at Reach 1; grid_frequency is orthogonal (max |r|=0.22) but Nordic-only and blocked this round on its statistic. net_outages is the only candidate that is global, zero-lag, and a domain no other line watches — and the only change available that widens an instrument whose other three lines are EU/US/China-specific. A country going dark leaks either a deliberate shutdown or an infrastructure collapse; both are disorder and both are invisible to every other line here. THE BAR IS NOT MET: v2 has about 13 observations against the 60 scored readings this round set as the promotion standard. It is taken because leaving the slot to a line proven unable to see its own domain is worse, and because the new status column makes the weakness visible on the page instead of hiding it. Pre-committed review at 60 scored readings (~late September 2026): if the tremble rate's Wilson lower bound exceeds 2%, or the line tracks IODA's detector coverage rather than the world, it returns to tier-2 and the slot runs empty and disclosed. Precondition fixed first: the fetcher now records WHICH countries are dark, because a bare count makes a tremble unattributable."
2026-07-22,port_throughput,method,"Series v2, same change and same reasoning as the chokepoint_breadth row of this date: fixed 10-day observation lag instead of 'newest available', seeded from the published archive through the standard pipeline. 190 scored rows, tremble rate 1.1%. v1 archived at data/archive/port_throughput_v1.csv. Stays tier-2: a 10-day lag fails the freshness rule."
2026-07-23,(all),method,"Structure: collapsed the 4-8-16 three-tier funnel to TWO tiers. Tier 1 = counted/displayed; tier 2 = collected/hidden/uncounted, uncapped. The old third tier held 'researched ideas, not collected' — a tier that produced no data, so a candidate there could only be judged from n=0 or gut-feel, contradicting the project's data-backed rule. Now any candidate with a real guard and a PROBED working keyless daily fetcher is built and collected immediately; unbuilt ideas are a plain Backlog list, not a tier. The only funnel left is tier-1 promotion over >=60 scored readings. The bar to enter tier-2 stays real because each collected line is a survivability liability: a verified fetcher and a named failure mode, not just a plausible source."
2026-07-23,cn_flights,method,"RETIRED — structurally confounded, not underperforming. The line counted airborne aircraft over Beijing/Shanghai/Guangzhou with alarm direction DOWN, but its dominant noise source — a community ADS-B feeder dropping offline — pushes the count down too, so the sensor is collinear with its own failure and cannot separate 'China grounded its metros' from 'a receiver rebooted'. Confirmed on the 32-row history: 2026-07-20 read Beijing=0 (impossible for a metro at the sampling hour), total 33, z=-2.41 in the alarm direction, and Beijing then sat at 0/3/1/2 aircraft for four straight days — a feeder outage wearing the costume of an airspace collapse. The only tremble ever recorded (07-10, z=+6.07) was benign-direction, coverage coming on. More data cannot cure a collinearity and no keyless same-frame denominator is exposed to normalize it out, so a broken sensor pointed in the alarm direction is worse than an empty slot. Removed from collection (round 8 red/blue divergence); CSV archived to data/archive/cn_flights_retired.csv; the 8th watchlist slot is now open. Logged as RETIRED so it is not revived later as a line that merely needed more readings."
2026-07-23,euro_hy_spread,method,"BUILT (two-tier restructure). ICE BofA Euro High Yield OAS via keyless FRED (BAMLHE00EHYIOAS), ~2.5pp at build. Guard: the ECB and European banks press spreads down; leak: a spike is European credit fear. Orthogonal to the US credit_spread line — different central bank and borrower population, so EU-specific stress can move while US sits calm."
2026-07-23,fx_parallel_premium,method,"BUILT (two-tier restructure). Argentina black-market ('blue') vs official USD/ARS premium via keyless dolarapi, ~3% at build. Guard: the central bank defends the official rate with reserves and capital controls; leak: a blowout in the blue premium is trapped capital and an unadmitted devaluation — the kimchi-premium mechanism in a hard-controlled regime, distinct from cnh_cny (a few-pip managed-float spread) and capital_premium (Korea, convertible)."
2026-07-23,hkma_aggr_balance,method,"BUILT (two-tier restructure). Hong Kong banking-system aggregate balance via keyless HKMA Open API, ~53,900 HK$m at build. Guard: the HKMA currency board defends the 7.75-7.85 peg; leak: defending the weak side means buying HKD and draining the aggregate balance, so a sustained fall toward zero is the board spending its room under outflow pressure. Alarm direction is down. Watchlist, not counted: the balance also moves on benign monetary operations."
2026-07-23,polar_temp,method,"ADDED as a never-counted CONTEXT line under the new provisional-watch disposition. Not a tension indicator: nobody guards the temperature of the Arctic, so it fails the guard gate exactly as the river-gauge and reservoir candidates rejected in round 8 did, and it can never be counted or promoted. Its job is auxiliary interpretation — the first brick of the long-horizon LEVEL layer that is this project's largest unaddressed gap (a rolling z is a change detector; the founding question is a level question). Reading = today's DMI mean temperature north of 80N minus the fixed 1958-2002 climate normal, in °C, so the number is a direct level: how far the high Arctic sits from its historical normal today. Source verified live: DMI (Danish Meteorological Institute) daily +80N running file, keyless, ~1-day lag, back to 1958. The seasonal cycle (~-29°C winter to near 0°C in the melt season) is removed by the anomaly; the summer normal sits near freezing because ice-melt pins it, so summer anomalies run small while the real warming shows in winter — first read -1.04°C. The long baseline is extracted once and vendored in core/arctic_clim.py, so each daily row is self-contained and no decades-long seed is needed. Collected now to build history; how it is PRESENTED to aid interpretation is deferred until it has a run of history and a designed readout, so it is deliberately NOT on the dashboard yet."
2026-07-25,(all),method,"MISS RE-DIAGNOSED — the 2026-07-22 'MISS RECORDED' row named COVERAGE as the cause, and that was true but incomplete in a way that pointed at the wrong fix. Testing the counterfactual directly: a dedicated Strait-of-Hormuz line, scored by tremor's own unmodified rules, WOULD ALSO HAVE MISSED JULY. Replaying 200 days of per-strait PortWatch transits through normalize.judge, a Hormuz-only line produces 13 alarm-direction trembles — all of them on 2026-03-02..03-14, none in June or July. On 2026-07-12, the day the strait was reported closed, it reads 6 transits against a trailing-90 median of 8.0, i.e. z = -0.47. Unremarkable. The reason is in the monthly medians: 72 (Jan), 81.5 (Feb), then 4, 8, 6, 11, 15 (Mar..Jul). Hormuz has been running at roughly a tenth of its winter level SINCE MARCH; July was not a new collapse but the continuation of a five-month-old one, and by then the rolling window's idea of 'normal' WAS the blockade. Checked that this is not a PortWatch methodology change: over the same Feb-to-Jul span the other straits sampled moved within about 10% (Bab el-Mandeb -10%, Panama -3%, Malacca -1%, Suez +4%, Bosporus +4%) while Hormuz moved -82% (the query returned a subset of the 28, not all of them — stated for honesty, the conclusion does not turn on the missing ones). CONSEQUENCE FOR THE ROADMAP: the instrument detected the ONSET correctly and loudly in March, then went blind to the sustained closure exactly as the known-limit #1 in radar.md predicts — 'a war in its third week is invisible by construction'. So the priority is not more coverage; it is the LEVEL layer. More sensors would have bought a louder March and the same silent July."
2026-07-25,chokepoint_breadth,real,"CONTEXT for the Hormuz re-diagnosis of this date, from news sources: as of 2026-07-25 the strait is tracked as closed on DAY 146 of the crisis, with roughly 15 vessels/day against an 88/day pre-crisis baseline (17%) and about 395 vessels anchored or stopped. Day 146 puts the onset at approximately 2026-03-01 — which independently corroborates what the transit data shows from the inside: monthly medians of 72 (Jan) and 81.5 (Feb) collapsing to 4 in March and never recovering. Two separate sources, one narrative and one numeric, agree that this has been a five-month closure rather than a July event. No ceasefire; mediators tabled a 10-day truce proposal around 07-21 that neither side had accepted. Brent topped $100 on 07-23 and settled near $98 on 07-24. Separately, the Houthis declared a naval blockade of Saudi Arabia on 07-20 and struck two Saudi tankers on 07-23, opening a second chokepoint at Bab el-Mandeb — that development is NOT yet in this line, whose current row reports the observation of 2026-07-15; it should land around 07-30 to 08-02."
2026-07-25,cnh_cny,artifact,"The tremble of this date (-9 pips, z=-3.255, benign direction) is NOT a market event. Probing Yahoo directly showed the two legs carried timestamps 6.5 HOURS APART — the offshore leg still on its 2026-07-24 20:59Z Friday close while the onshore leg had a 2026-07-25 03:30Z print — and the fetcher subtracted them without checking. The recorded legs move in OPPOSITE directions across a weekend when neither market traded (CNH -64 pips, CNY +47), which no real basis move can do. This spread is only about 100 pips wide, so whatever the yuan does between two capture moments is the size of the signal itself. Fixed the same day: the fetcher now reads regularMarketTime for both legs, writes the day EMPTY with a stated reason when they are more than 3h apart, records both timestamps in source_note, and takes obs_date from the OLDER leg so a weekend re-read of Friday's closes dedups as a republished observation instead of scoring twice. Consequence stated plainly: this line will now go DARK on weekends, when there is no simultaneous quote to compare — that is honest for an FX spread and it is a visible cost (a tier-1 line dark roughly two days in seven)."
2026-07-25,cnh_cny,method,"EARLIER ATTRIBUTIONS NOW IN QUESTION. The benign-direction trembles of 2026-07-02 and 2026-07-07 were attributed to a Hong Kong quarter-end CNH liquidity squeeze and to the PBOC's Bond Connect offshore package. Those explanations may still be right, but they can no longer be trusted as recorded: the leg-timestamp defect fixed today existed then, the timestamps were not stored, and so it cannot be established after the fact whether either reading was a comparable subtraction. Both rows are left in place rather than rewritten — the forward-only rule — but a reader should treat them as unverifiable. Note also what the distribution shows: all three of this line's trembles are in the BENIGN direction, and against 34 readings the alarm threshold sits at about 208 pips while the observed maximum is 143, so the alarming direction has never been approached while the benign side has been crossed three times. Whether that asymmetry is real or an artifact of the same defect is now an open question for the next radar round, and one the recorded timestamps will let us answer."
2026-07-25,port_throughput,method,"MEASURED AND DELIBERATELY NOT FIXED: port_throughput has a real weekly cycle (weekend -9.1% against weekday; Mon +8.4%, Sun -7.4%) and chokepoint_breadth has none (every weekday within +/-0.5%, weekend +0.4%) — ships transit straits on weekends, port labour does not. The obvious fix, WEEKLY_CYCLE = True, was tested by replaying the whole 203-row history and REJECTED: it raises the tremble rate from 1.0% (2/193) to 3.1% (6/193). The reason is quantitative and matches the null table recorded in round 7 — same-weekday baselining cuts the sample from ~90 to ~26 observations, and the null exceedance of |z|>3 rises as n falls (0.36% at n=90 against ~1.2% at n=20). Removing a 9% bias costs roughly three times the false-alarm rate, which is a bad trade. Recorded so the cycle is a known, quantified property of the line rather than a discovery waiting to be re-made, and so the obvious fix is not re-attempted without new evidence. Revisit if the line ever accumulates enough history that same-weekday n approaches 90 (about 1.7 years)."
2026-07-29,(all),correction,"CORRECTIONS to the '38 days' method row of this same date, found by an adversarial review of it and verified against the data. (1) THE PUBLISHED RECORD IS NOT REPRODUCIBLE UNDER CURRENT CODE, and this invalidates every statistic of the form 'over 38 days, X happened N times' — including ones stated in that row. Replaying all four primary lines through normalize.judge as it stands today gives tremble days of 2026-07-05 and 2026-07-22, not the published 07-02, 07-05, 07-07. The 07-02 and 07-07 rows are cnh_cny moves in the DOWN direction and are uncountable under the direction-aware rule that shipped 2026-07-09; the 07-22 flights row scored -2.695 under MAD and scores -3.014 under the Qn estimator that shipped 2026-07-22, crossing the threshold, and is published as calm. summary.csv is therefore not a time series of one measurement — it is an append-only log of what three successive algorithms said on the day each ran. That is the forward-only rule working as designed and it is the correct choice, but any aggregate across the whole record mixes methodologies and must be re-derived before use. (2) 'VIX returned to 2.4% BELOW its pre-crisis level' is WRONG — the pre-crisis window used included February, which was already elevated at a 19.32 median before the 02-28 strikes. Against December 2025, the cleanest clean month (median 15.755), July's median of 16.64 is +5.6% and the last observation of 18.67 is +18.5% and sits at the 63.7th percentile of 193 observations. The honest description is a LARGE MARCH RETRACEMENT PLUS A MILD SUSTAINED ELEVATION, not a return to normal. (3) tremor's VIX trembles are NOT independent corroboration of the March signal: all 13 carry '(seeded from archive 2026-07-10)' and 180 of 200 rows are backfill, so they are this project's own scorer replayed on FRED closes three and a half months after the fact, not a second instrument agreeing. The VIX LEVELS are CBOE's and remain independent; the trembles are ours. (4) The claim that the US gauges are immune to a tremor coverage gap is wrong: VIX is S&P 500 options, US HY OAS is a US corporate issuer index, jobless claims are US state offices. All three are American and share tremor's map. They establish that US corporate default risk did not reprice — generalising that to 'the world' repeats the aggregation-dilution error one level up."
2026-07-29,(all),method,"THE FINDING OF THE FIRST 38 DAYS, recorded because it answers the founding question in a way neither of its two options anticipated. tremor began collecting on 2026-06-22. The Strait of Hormuz had closed almost four months earlier: US strikes on Iranian facilities began 2026-02-28, Iranian forces closed the strait in early March, Brent went past $115 by 03-09 (+24%), the Dow fell 1,052 points on 03-03 in its most volatile session in over two years, and VIX touched above 35 intraday. Because vix was seeded with 180 days of archive and the PortWatch lines with 200, the instrument can see that period even though it was not yet running — and what it shows is this. Hormuz transits per day, monthly medians: 72 (Jan), 82 (Feb), then 4, 8, 6, 11, 11 (Mar-Jul) — a collapse to 5% that had only recovered to 15% by late July, day 150 of the closure. VIX over the same span: median 17.05 across the 88 pre-crisis observations, 25.29 in March with a 31.05 peak, and 16.64 in July — 2.4% BELOW its pre-crisis level, while the disruption it had been pricing was still running at roughly 85% severity. The physical disorder persisted; the registering of it decayed. AND THE SAME MECHANISM IS IN OUR OWN ARITHMETIC: the counterfactual Hormuz line replayed through tremor's unmodified rules fires 13 times in March and zero times in June or July, reading z=-0.47 on the day the closure was reported, because by then the trailing window's normal WAS the blockade. So the change-vs-level blindness recorded as known-limit #1 is not merely a defect of this instrument — the world's own most-watched fear gauge exhibits it too. IMPORTANT QUALIFICATION, because the opposite reading is also live: the market is not blind, it is CHANGE-SENSITIVE. Brent sat at $71.57 on 07-01, BELOW its pre-crisis level, then jumped to $102 on 07-23 when the Houthis struck two Saudi tankers, then fell to $87 on the US strike pause. It reprices vigorously on new news and ignores the standing state. Whether the normalization is correct adaptation — oil genuinely found other routes and spare capacity, so the closure stopped mattering economically — or is complacency, THIS DATA CANNOT DISTINGUISH, and no honest reading of 38 days should claim it can."
2026-07-29,(all),method,"trembling_count SUMS FOUR INCOMMENSURABLE BERNOULLIS — a structural finding about the headline number itself. Computed on each line's current window under Qn, the raw level each would have to reach to fire: flights below 1,094 aircraft, which is -33% of its 1,634 median; credit_spread 2.889pp, +2.8% from today; cnh_cny 207 pips, when its all-time high is 143 — it would need to exceed its own record by 45%; net_outages 8.1 countries, when its all-time maximum is 6 — 35% beyond its record. One line is a hair-trigger and two cannot fire without excursions never once observed in their own histories, so adding the four gives a number with no units. This is NOT a dependence problem: the first-difference correlation matrix of the four primaries has every pair at |r| <= 0.34 and most below 0.10, so they are approximately independent, which is what the orthogonality gate was for. The problem is calibration, not correlation. Related: 'no resonance has ever occurred' carries almost no information — at the observed marginal rate the expected number of resonance days in 38 is about 0.09, and it would take roughly 300 collection days to reach an even chance of seeing one. Recorded as the open question for the next radar round: a count is only meaningful if its terms are equally hard to trigger."
2026-07-29,(all),method,"THE RECORD IS NOW RE-DERIVABLE: tools/replay.py recomputes every committed row through today's normalize.judge, using only the rows that preceded it, and reports where the current rules disagree with what was published. History is still NEVER rewritten — the forward-only rule is untouched and is the reason this tool has to exist. What it fixes is that summary.csv is an append-only log of what several successive algorithms said, so any statistic of the form 'over N days, X happened M times' mixes methodologies; now both questions can be answered separately and honestly — what we said at the time (the committed CSVs) and what we would say now (this tool). First run: 340 of 1,006 rows do not replay, which is the accumulated seam of the MAD-to-Qn change, the RMS-fallback removal and the direction-aware counting rule. vix is 174 of 200 because its 180-row archive seed was scored under MAD. The headline disagrees on 3 of 38 days: published 07-02, 07-05 and 07-07, today's rules give 07-05 and 07-22. CRITICALLY, DIVERGENCE SINCE 2026-07-23 IS ZERO — there is no live drift, only historical seams, and that is the healthy state. The tool now runs in CI with --check after collection and before the commit: a row written today that cannot be reproduced means the collector and the scorer have drifted apart, and it is better to lose one day's row than to commit an unreproducible one. A deliberate scoring change bumps STABLE_SINCE, which forces the change to be declared rather than slipped in. Replay cost is 0.35s for all 1,006 rows."
2026-07-29,chokepoint_breadth,real,"WORLD STATE for reading this line, as of 2026-07-29. Hormuz has NOT reopened: day 150 since closure, roughly 10-13 transits/day against an 88/day baseline (11-15%), with Gulf crude exports at about 1 million bpd against 10 million in early July and 15 million pre-conflict. A unilateral US strike pause began Friday 07-25 after 13 consecutive nights and Iran reciprocally halted retaliation, but the pause was already breached on 07-28 when the IRGC fired ballistic missiles at US forces (all intercepted), and the Saudi axis did not pause at all — Houthi strikes burned the Jizan refinery and Iraq-launched militia drones hit Abqaiq on 07-27. Iran-Oman technical talks on a joint mechanism for the strait are real but deadlocked on sovereignty; Iran demands transit fees and control and rejects third-party de-mining. Brent peaked near $102 on 07-23, collapsed 8.7% to about $88 on 07-27 on the pause, and sat near $86-88 on 07-29 — down ~14% from the peak but still up 17-18% on the month. Casualties: 18 US service members killed and 482 wounded. A WARNING FOR FUTURE ATTRIBUTION: the source stream around this story carries dating traps — a February 2026 article resurfacing as July news, and 'Hormuz flows resume' boilerplate attached to an OPEC+ decision taken on 07-05 — either of which an automated reader would mis-code as a reopening."
2026-07-29,credit_spread,real,"The widening to 2.81pp (z=+2.376, alarm direction, no tremble) is REAL and attributable, but its CHARACTER is not what a credit line rising usually means. It is not a four-day trend: it is one 9bp jump on obs 2026-07-23 (269->277) followed by two 2bp drifts. The trigger that day was an oil-driven INFLATION shock — Houthi strikes on two Saudi tankers took Brent up ~7% to settle at $100.69, its highest since May, which pushed the 10-year Treasury to 4.71% (an 18-month high) and the 30-year to 5.19% (a 20-YEAR high) and repriced July FOMC hike odds from 13% to about 35% — colliding the same day with a mega-cap AI-capex earnings shock (Tesla -14%, Alphabet -7%, Nasdaq -2.15%). THIS IS A RATES SCARE, NOT A CREDIT EVENT, and four independent checks say so: jobless claims hit 187,000, the lowest since September 1969; investment-grade spreads widened only proportionally (+3bp against high yield's +13bp, in line with the 3.5x level ratio, whereas a real high-yield credit event widens HY at a large multiple of IG); high-yield funds took $534mn of INFLOWS for the week; and high yield materially OUTPERFORMED investment grade month-to-date (-0.93% against -2.58%), the signature of a duration event rather than a default-risk event. The energy-beta hypothesis is disconfirmed three ways — rising oil helps energy issuers rather than hurting them, energy was the best-performing sector (+3.76% on the week), and on 2026-07-27 oil COLLAPSED 8.6% to $88.49 while the spread still widened another 2bp. LEVEL CONTEXT: 2.81pp is historically TIGHT — roughly the 16th percentile of the last decade against a 20-year average near 490bp. A widely-circulated corroborating story, 'record $7.1bn weekly outflows from IG bond funds', is a CONFIRMED DATA ARTIFACT: LSEG Lipper disclosed on 07-25 it was reviewing a sizeable flow in one Short-Intermediate IG classification, and excluding that single fund the week was $1.54bn of net INFLOWS. Not used as evidence here."
2026-07-29,em_corp_oas,real,"THE SHARPEST TEST OF THE CREDIT STORY, and it was missed in the first pass. EM corporate OAS is the index that actually contains Gulf issuers, and it did nothing: 1.44 to 1.47 across obs 2026-07-21 to 07-27, the week Brent peaked near $102 and the Houthis struck two Saudi tankers, with its period maximum of 1.50 set on obs 2026-06-29 — BEFORE the escalation. Better still, the widening across the three credit lines on identical observation dates was ordered INVERSELY to Gulf-oil exposure: US HY +12bp, Euro HY +8bp, EM corporate +3bp. A geopolitical energy premium would order these the other way — Gulf issuers first, then oil-importing Europe, then the net-exporter US. It does not. This independently confirms the rates-not-credit reading recorded for credit_spread on this date, and it is stronger evidence than the IG-versus-HY ratio because it is a cross-sectional comparison of exposure rather than a level argument. Caveat carried: the credit series was still rising monotonically at the right edge (z 1.432 to 2.085 to 2.376) with the last observation on 07-27, so the 07-28 IRGC missile launch is not in the data. This is a truncated series, not a completed one, and 'credit held' is not yet a safe conclusion."
2026-07-29,flights,method,"THREE REAL US EAST DISRUPTIONS, ZERO TREMBLES — a calibration observation, recorded rather than acted on. The line has now correctly registered three separately-attributed real events: Sat 2026-07-18 Northeast storms (z=-2.802), Tue 2026-07-21 FAA nine-airport ground stop (z=-2.695) and Tue 2026-07-28 LGA/JFK/EWR ground stops (z=-2.572). All three cluster just below the 3.0 threshold and none fired. With the other three regions at their normal levels (~892 combined), the total would have to fall below 1,094 to trigger, which means US East would have to reach about 202 aircraft — roughly a quarter of its normal level, a near-total shutdown of Northeast airspace. NOT TREATING THIS AS A DEFECT: three convective disruptions in eleven days is ordinary for the Northeast in late July, and a line that fired on each of them would be reporting summer thunderstorms as world disorder. The threshold is doing the job it exists for. What IS worth recording is why the line behaves this way — see the paired composition row."
2026-07-29,flights,method,"COMPOSITION IS UNBALANCED, measured over the 20 days carrying per-region detail. US East is 45.7% of the line's weight (median 737 of a 1,612 total) AND is by far its most variable component (coefficient of variation 0.29, against 0.15 for W/C Europe and 0.09 for both US West and Japan). So this nominally-global airspace line is dominated by its single most weather-exposed region: every near-threshold reading it has produced has been a US East event, and W/C Europe at 11.0% of the weight would have to lose most of its traffic to move the total as much as an ordinary thunderstorm evening in New York does. This is the same aggregation-dilution limit already recorded for chokepoint_breadth, in a different line: a sum over regions of very different size and variance reports the largest and noisiest one. Recorded now, with the numbers, so a future round can decide whether to rebalance (equal-weight the regions, or score each against its own baseline and take a breadth count) rather than rediscovering it."
2026-07-29,flights,method,"ADS-B corroboration now runs on EVERY region every day, and the reading is the MAXIMUM across providers. The old rule asked providers in order, accepted the first count at or above an absolute REGION_FLOOR of 30, and only sought a second opinion below that. For a region that normally carries 700-1000 aircraft the floor never engaged at the magnitude that matters: the three collapse readings of 331, 293 and 301 all sailed past it and were accepted from a single provider with no second opinion. The instrument's own corroboration logic did not fire on any of them — the three-way provider agreement that established those readings as real came from a manual probe, not from tremor. It happened to be right and would not have caught the artifact case. The new rule rests on an asymmetry: a coverage failure can only LOSE aircraft, since a dead receiver means fewer planes seen and nothing makes an aggregator invent one — so when providers disagree the highest count is the most complete view. Measured cost before shipping: across the four regions the provider spread is 1-6% and taking the max instead of the first responder raises the total by 0.54%, against a robust scale of about 11% of the median, so the level shift sits inside the line's daily noise. Applied FORWARD ONLY; the series carries a seam here. The absolute floor survives as a DISCLOSURE rather than a veto — if every provider agrees the sky is empty, that is a measurement and the line must say so. Provider disagreement wider than 10% is now written into source_note, so a degrading feeder network becomes visible in the record instead of silently setting the level."
2026-07-29,flights,real,"Row 2026-07-29 (US East local: the evening of TUESDAY 2026-07-28) read 1,193 aircraft with US East at 301 against a ~737 median, while W/C Europe (178), US West (555) and Japan (159) were all normal. Real, and large: the FAA ground-stopped LaGuardia, JFK and Newark before 08:00 that morning, reissued the Newark stop around 14:00 with it still in force at 16:30, and NYC airports lost more than 900 flights in the morning rush alone; nationwide 2,813 flights were cancelled and 7,319 delayed, with flash flooding, isolated tornadoes, hail and damaging winds across New York and New Jersey. The 19:03 EDT sample caught the evening tail of it. ARTIFACT RULED OUT TWICE: a cross-provider probe an hour after collection returned 297 (airplanes.live), 288 (adsb.fi) and 291 (adsb.lol) for the same box — three independent aggregators agreeing — and US West read 543-555 on all three at the same instant, so no feeder or provider issue can explain it. z=-2.572, no tremble."
2026-07-30,(all),correction,"CI ORDERING FIXED — a data-loss path introduced by me one day earlier. The replay gate added on 2026-07-29 ran BEFORE the commit step, as did the dashboard render check. Several lines are live snapshots with no archive to re-fetch from (flights, cnh_cny, capital_premium, grid_frequency, gnss_interference), so any gate failing before the commit destroyed that day permanently — and a silently missing row is the single thing this project forbids everywhere else: an absence with no stated reason. CI was the only component here that fabricated by omission. Both audits now run AFTER the commit and raise the existing alarm issue instead of deleting the row; a wrong verdict is cheap to correct under the archive-and-restart rule, a missing day is not. The scoring-rules test stays before collection because it guards the verdicts themselves and is deterministic and offline. Standing rule going forward: no new blocking step before collect.py."
2026-07-30,(all),method,"THE DENOMINATOR WAS RARELY FOUR. Across the 134 tier-1 line-days that exist, only 86 were actually SCORING — 64%. Per line: flights 28 scored of 38 rows, credit_spread 21 scored with 6 stale and 1 dark, cnh_cny 27 with 1 dark, net_outages 10 of 20. So the headline '0 of 4' was routinely 0 of 3 or 0 of 2, which the status column records but the earlier analysis did not use: the claim that 'three of the four lines never fired' read those denominators as evidence about the lines when they are partly evidence about how often each line could answer at all. This does not overturn the reachability finding — cnh_cny would still need 45% beyond its record and net_outages 35% beyond its — but any future rate computed over this record must divide by scored days per line, not by collection days times four."
2026-07-30,(all),method,"NO REPLACEMENT EXISTS FOR cnh_cny, so it is NOT being demoted yet — recorded so the decision is not re-litigated from memory. Scoring every tier-2 candidate on the three gates in order: FRESHNESS (<=2d) eliminates chokepoint_breadth and port_throughput, both at 10 days. REACHABILITY, the new criterion this week's review produced, eliminates the rest — gnss_interference would need to exceed its own all-time record by 12% to fire in its alarm direction, em_corp_oas by 2%, capital_premium by 201% and sofr_iorb_spread by 228%. Promoting a line that cannot fire is worse than an empty slot. The ONLY candidate passing freshness, reachability and orthogonality together is grid_frequency (0-day lag, has fired twice, max |r| of 0.20 against the remaining tier-1 lines — the best orthogonality of any candidate) — and grid_frequency was explicitly blocked from tier-1 in round 7 because both of its firings were adjudicated ARTIFACTS of a mis-specified daily-maximum statistic. So there is no honest promotion available. The decision: collect richer data first (intraday sampling for the snapshot lines, plus this control line), measure the true intraday distribution, and let that decide whether cnh_cny's problem is fixable by a better daily statistic rather than by demotion. Reachability is hereby a standing tier-1 gate alongside guard, cadence, freshness and orthogonality: a line that cannot reach its own alarm threshold without breaking its own record is not an instrument, it is a decoration."
2026-07-30,(all),method,"RICHER COLLECTION TO VALIDATE THE MAIN COLLECTION — two additions, neither of which changes any verdict. FIRST, every row now carries '[sampled HH:MM:SSZ]' in its source_note. For a snapshot line the reading is whatever the world looked like at one instant, and this project has measured that the instant matters: reconstructing cnh_cny's committed revisions from git showed the same calendar date written at values 131 pips apart by runs at different times — 3.6 times that line's robust scale, more than the 3.0 its own alarm requires. Without a stamp that is invisible after the fact. It lives in source_note, which is prose and not part of the replayed verdict, so it adds no drift (tools/replay.py --check still passes). SECOND, tools/sample_intraday.py samples the three genuinely instantaneous lines — flights, cnh_cny, capital_premium — every six hours from its own workflow, writing only to data/intraday.csv. Lines whose reading is already an aggregate over a window (grid_frequency's 24h maximum, net_outages' trailing day) or a published daily file (the FRED, PortWatch and GPSJam lines) do not have this problem and are not sampled. The side channel is DELIBERATELY INERT and tests/test_side_channel.py enforces it: nothing in collect.py or core/normalize.py reads it, it is excluded from the docs mirror so the dashboard cannot see it, the sampler cannot call score_row or write_line, and it runs from a separate workflow so a failure there can never cost a daily row. WHAT IT IS FOR: after about 30 days it will answer, with data rather than argument, the question left open today — whether cnh_cny's problem is that it should be demoted, or that its daily value should be a median over several samples instead of one instant, in which case the jitter falls as the square root of the sample count and the problem simply goes away. The same file answers the same question for flights, whose four regions the single 22:00 UTC cron samples at 18:00, 15:00, 07:00 and MIDNIGHT local time respectively — which is why its regional weighting is a property of the schedule rather than of air traffic."
2026-07-30,cnh_cny,artifact,"CAPTURE JITTER EXCEEDS THE ALARM DISTANCE. Reconstructing every committed revision of this line from git shows the same calendar date has been written with materially different values by different runs: 2026-06-22 ranged 25 to 156 pips across nine commits (131 pips), and 2026-07-10 ranged -7 to 110 across four (117 pips). Against the line's own Qn of 36.4, the worst same-day capture range is 3.60 Qn while an alarm requires 3.0 Qn — so this tier-1 line's alarm is reachable by the clock alone, without the world moving at all. Caveat stated honestly: both of those dates carry manual CI triggers rather than the normal single scheduled run, so this is not the daily cadence. But it measures the quantity's intraday variability, and the scheduled run samples one instant of it. Combined with the leg-timestamp defect fixed on 2026-07-25, this is the second structural finding against this line in a week. The question it raises — whether an instantaneous snapshot can support a 3-sigma DAILY statistic at all — applies to flights (1.51 Qn on the same test) and to every other snapshot line, and is the operator's to decide."
2026-07-30,control_daylength,method,"CONTROL LINE ADDED — a series with no world in it. Day length at a fixed point (51.4779N, 0.0E) is settled by orbital mechanics alone, so it cannot be disordered and every tremble it raises is the instrument rather than the world. It fails the guard gate by construction, is never counted and can never be promoted. It earns its slot twice. FIRST, as a pipeline canary: day length is an exact function of (date, latitude), so tests/test_control.py asserts every committed row against the astronomy for its OWN row date, offline and independent of any z-score — that catches the one class of bug a z can never see, a row filed under the wrong date, a same-day overwrite from another run, a timezone boundary, a dedup misfire. This project has already been bitten by a +1 date-label offset and by manual re-runs overwriting a day. SECOND, and unexpectedly the more valuable: replaying 400 days of pure day length through the unmodified scoring rules produces 30 TREMBLES (7.5%), every one of them in February and March. A rolling median lags a sustained trend, so a trend alone reads as an anomaly with no disorder present anywhere. That is a ground-truth measurement of what this estimator does when nothing is happening, obtainable no other way, and it is the change-versus-level limit seen from the other side. It also means this line's expected behaviour is KNOWN IN ADVANCE — quiet most of the year, noisy approaching the equinoxes — so a tremble here in August is immediately legible as the instrument and not the trend. The test locks that shape: if a pure trend ever stops firing, the estimator changed and the line's baseline expectation must be re-derived."
2026-07-30,flights,correction,"THE REGIONAL IMBALANCE IS A CRON ARTIFACT, NOT AGGREGATION DILUTION — this corrects the method row of 2026-07-29, which diagnosed it as the same summation problem as chokepoint_breadth. It is not. The schedule is 22:00 UTC, which is 18:00 EDT (US East evening peak), 15:00 PDT (peak), 07:00 JST (morning) and MIDNIGHT in Central Europe. W/C Europe's committed values run 74 to 212 because the instrument samples that circle at its diurnal trough; this project's own probe of the identical circle at ~14:00 UTC during radar round 8 recorded about 950. So 'US East is 45.7% of the line's weight' is a property of WHEN each region is sampled, not of how much air traffic it carries, and the conclusion drawn from it — that equal-weighting the four regions would fix the imbalance — is wrong: equal-weighting would promote European midnight noise to a quarter of a tier-1 line. The underlying problem is that a single global sampling instant cannot be a comparable local hour for four regions at once. Recorded, not yet fixed; the cheap first step is to record extra intraday samples to a side file, which changes no verdict and breaks no series."
2026-07-30,sofr_iorb_spread,artifact,"THE SECOND LEG IS FROZEN. All 37 committed rows read 'IORB 3.65' — the line labelled 'SOFR minus IORB spread' has been SOFR minus a constant for its entire life. IORB genuinely has not moved while the Fed has held, so the readings are not wrong today, but the fetcher never compares the two legs' observation dates and takes obs_date from the SOFR leg alone: if IORB ever moves, the line goes silently wrong for as long as it takes someone to notice. This is the same defect class already found and fixed in cnh_cny on 2026-07-25 (two legs captured hours apart), and the same check applies — a spread is only meaningful if both legs describe the same moment. fx_parallel_premium has it too: it reads the official leg's timestamp and discards it. Recorded now; the fix is a shared leg-simultaneity helper, one fetcher per commit, and it will blank rows on desync."
2026-08-01,cnh_cny,correction,"THE CAPTURE-JITTER ALARM OF 2026-07-30 WAS OVERSTATED, and the intraday side channel built to settle it has now settled it — against me. That row reported a worst same-day capture range of 3.60 Qn against a 3.0 Qn alarm and concluded the line's alarm was 'reachable by the clock alone'. It measured the wrong thing. Those ranges came from MANUAL re-runs at different hours, so they measure the quantity's INTRADAY variability, not the noise in a series sampled at a fixed phase. Three days of scheduled six-hourly sampling now give the number that matters. Observed cron firing times are 23:01, 23:12 and 23:06 — an 11-minute spread. The local slope at the collection hour is -14.7 pips/h for cnh_cny, -83 aircraft/h for flights and about zero for capital_premium, so a generous 15 minutes of cron jitter moves the reading by 0.10 Qn, 0.12 Qn and 0.01 Qn respectively. All far below the 3.0 an alarm requires. FIXED-TIME SAMPLING WORKS: the diurnal cycle is removed by construction, exactly as the design intended, and the committed daily range (945-1921 for flights) is far narrower than the intraday range (1086-2547). The case for demoting cnh_cny on capture grounds is withdrawn. Its real defect was the leg-timestamp desync, which was found and fixed on 2026-07-25. Caveat kept: the slope is estimated from the 16:00-to-21:00 pair, two hours before collection, on three days of data."
2026-08-01,control_daylength,method,"THE CONTROL LINE EARNED ITS SLOT ON DAY FOUR — and the first thing it caught was a weakness in its own canary. Rows dated 2026-07-29 and 07-30 carried an identical day length of 15.6247h, which is impossible for consecutive days. Cause: rows are dated by COLLECTION in China time, so the 23:0x UTC run lands on the next China day and a row dated D carries the UTC day D-1. That is the project's existing date convention, not a new bug — but no other line could be checked against ground truth, so it had never been visible. Two fixes. The fetcher now requests an EXPLICIT UTC date and records it as obs_date, so the row states which day it describes instead of leaving it to be inferred. And the canary was too loose to catch the very bug it exists for: a one-day slip moves day length by about 3.7 minutes and the tolerance was 15, so it would have passed. It is now one minute against obs_date, which a one-day slip cannot survive in August (3.65 min) or at the equinox (3.97 min) — but IS blind near the solstices, where consecutive days differ by 0.15 minutes. Stated rather than papered over, and it is exactly why the date is now recorded rather than inferred: a second test asserts obs_date stays within one day of the collection date, which catches a stuck fetch at any time of year including the solstices."
2026-08-01,flights,method,"WHAT THE INTRADAY CHANNEL DID CONFIRM: the four regions are sampled at very different points of their own days. Measured over three days, the global four-region total runs about 1,100 at 02:00 UTC, 1,500-1,650 at 10:30, 2,300-2,550 at 16:00 and 1,935-2,040 at 21:00 — an intraday range of 1,461 aircraft, or 8.5 times this line's robust scale of 172. The daily collection at 23:0x sits on the falling limb near the global trough, which is why the committed series (945-1921) barely overlaps the intraday range. That is fine for the total, because a fixed phase is a fixed phase. It is NOT fine for the composition: 22:00 UTC is 18:00 in US East, 15:00 in US West, 07:00 in Japan and MIDNIGHT in Central Europe, which is why W/C Europe contributes 74-212 while a probe of the identical circle at 14:00 UTC recorded about 950. The regional weights are a property of the schedule. The side channel will accumulate the per-region diurnal curves needed to decide what a fair composition would be; nothing is changed yet."
2026-08-02,(all),correction,"'NO RESONANCE HAS EVER OCCURRED' WAS A STATEMENT ABOUT THE INSTRUMENT'S AGE, NOT ABOUT THE WORLD, and seeding three FRED lines to their full keyless depth proves it. Across 787 observations back to 2023-08-01, the three credit lines fired together in their alarm direction on 38 days, and ALL THREE at once on 20: 2024-08-05/06, a two-week run through 2025-04-03..04-30, and 2026-03-27/30. The peak is 2025-04-07 — credit_spread 4.61pp at z=12.2, em_corp_oas 2.18 at z=11.3, euro_hy_spread 4.19 at z=8.9 — against today's 2.84 / 1.50 / 2.65. So the instrument CAN detect resonance, its own unmodified rules do produce it on real data, and the reason its live record never showed any is that the live record is 41 days long and none of those 41 days contained a credit event. Every earlier statement in this file of the form 'X has never happened' must be read as 'X has not happened in the days we were watching', and the arithmetic quoted on 2026-07-29 — expected resonance days in 38 is about 0.09 — was right about the sample and wrong to be presented as though it bore on the world."
2026-08-02,(all),method,"COMPONENT CAPTURE — the instrument now stores what it fetches, not only what it scores. Every day this pipeline downloads 28 straits, twelve provider counts and tens of thousands of grid cells, and wrote down one number each. The aggregation happens at CAPTURE, so it could not be undone later: a 65% collapse at the Strait of Hormuz moved the recorded chokepoint reading by under 2% and there was no going back to ask which strait, because the answer was never written down. Fetchers may now return a components dict and collect.py writes it to data/components/<line>.csv. Live from today: chokepoint_breadth (28 straits) and flights (4 regions plus each of 3 providers per region, 16 values — the other two providers were already fetched to take the maximum and then discarded, which is the only evidence that would ever show a provider degrading). Components are DIAGNOSTIC ONLY under the same rule as the intraday sampler: no scoring code reads them, they are not mirrored to the dashboard, they change no verdict, and tools/replay.py --check passes unchanged. They are recorded even on a DARK day, because that is precisely when knowing which region went missing is worth most and the scalar cannot say. RECOVERED HISTORY: for chokepoint the loss was not yet permanent — PortWatch still serves the complete daily series — so all 210 observations were backfilled, 5,880 rows across 28 straits, and our own record now shows the Hormuz collapse at monthly medians of 72, 81.5, then 4, 8, 6, 11, 11: a 95% move in the component against a 2% wobble in the sum. That recovery depended on a source's goodwill and will not always be available, which is the argument for capturing from now on."
2026-08-02,(all),method,"SEEDED THE THREE FRED-BACKED LINES to their full keyless depth: euro_hy_spread 8 live rows -> 787, em_corp_oas 29 -> 787, credit_spread 29 -> 787, all back to 2023-08-01. euro_hy_spread had never produced a verdict at all — every row was warming-up with an empty z — and now scores from its first live day. Method follows the vix and PortWatch precedents: every row is built by collect.score_row replayed strictly oldest-first against only the rows already emitted, so nothing is judged against its own future; rows are dated by observation; archive imports say so in source_note; the pre-seed files are archived as data/archive/<line>_preseed.csv rather than rewritten in place. tools/replay.py confirms all three now replay with ZERO divergence. WHY IT TOOK SIX WEEKS: a wrong sentence in this repo. fetchers/credit_spread.py asserted that fredgraph 'ignores a start-date parameter and serves a short rolling window, so it cannot be used to rebuild history'. It serves 787 observations with no parameters at all — three years, six times the 180-day MAX_AGE_DAYS the baseline actually uses. A start date IS ignored, but 'no deeper than three years' and 'cannot rebuild history' are different claims and only the first is true. The docstring is corrected. OPERATIONAL WARNING recorded there too: fredgraph sits behind bot management, ten requests in twenty seconds black-holed a probing IP for over an hour and the block spread across the FRED estate, so the seeder fetches each series once with 30s between calls and must never run from CI."
2026-08-02,(all),method,"AN EMPIRICAL FALSE-ALARM RATE, measured on three years of REAL data rather than simulated. Over 777 scored observations each, |z|>3 fires on 8.5% of days for credit_spread, 6.7% for em_corp_oas and 5.5% for euro_hy_spread. The simulated null for iid Gaussian data at n=90 is 0.36%, so real credit series are fifteen to twenty-four times more tremble-prone than the idealised case — fat tails, autocorrelation and trend, exactly the properties the 2026-07-29 note said a simulation cannot capture. This is the number the project has wanted since the threshold question was first parked: it is not 0.3%, and it is not the 2.7% a short window gives either. IMPORTANT: this does NOT mean the threshold should be raised. The firing days are not scattered — they cluster tightly in 2023-10, 2024-08, 2025-04 and 2026-03, which are real credit episodes, and all three lines agree on the dates. A rule that fires on 6-8% of days but concentrates those days inside four episodes in three years is behaving as an event detector with fat-tailed inputs, not as a broken one. What it does mean is that any statement of the form 'this line trembles X% of the time' must now be compared against 6-8%, not against 0.3%."
2026-08-02,chokepoint_breadth,artifact,"MY OWN BACKFILL BUG, caught by the test written alongside it, recorded because it is the exact class of defect this project exists to notice. The first run requested 40-day chunks of 28 straits (1,120 rows) from an ArcGIS service whose maxRecordCount is 1,000. It does not error on over-request — it silently truncates. The result was 200 observations carrying 25 straits and 10 carrying 28, which looked exactly like a source-side panel change on 2026-07-13 adding Bering, Kerch and Mindoro, and I nearly recorded it as one. The give-away was the direction: recovered sums were LOWER than the line's own totals (1,703 against 1,743 for 2025-12-25), and a single-date query returned 28 straits summing to exactly 1,743. The panel was always 28; the missing rows were mine. Fixed with explicit pagination (resultOffset, honouring exceededTransferLimit) plus a completeness check that refuses silence — the tool now warns loudly if observations carry differing panel sizes. Re-run gives 210/210 at a uniform 28 straits, 5,880 rows. The lesson generalises to every paged source here: a truncated response and a changed world look identical unless something asserts completeness."
2026-08-02,credit_spread,correction,"THE APPROACH-TO-THRESHOLD REPORTED ON 2026-07-29 AND 08-01 WAS A SHORT-BASELINE ARTIFACT. That reading was flagged as the line 'moving in the alarm direction, 0.62 from threshold' at z=+2.376, later +1.959, computed against a baseline of at most 41 of the line's own rows. Against the seeded 787-observation history the SAME observation (obs 2026-07-30, 2.84pp) reads z=+0.704. Unremarkable. The move was real — 2.68 to 2.84 over a week is a real widening, attributed on 2026-07-29 to a rates-and-inflation shock rather than a credit event — but its SIZE was being measured against a few weeks of an unusually quiet stretch, which made an ordinary wobble look like an approach. For scale: this line reached 4.61pp in April 2025 and 3.93pp in August 2024. A z-score is only as meaningful as the history it is computed against, and 41 rows is not a history."
2026-08-03,(all),correction,"THE SEED ANNOTATION OF 2026-08-02 OVERCLAIMS: it says tools/replay.py confirms all three seeded lines replay with ZERO divergence. The full replay report says otherwise: credit_spread diverges on 2 rows (2026-07-14, 2026-07-15) and em_corp_oas on 1 (2026-07-15); only euro_hy_spread is clean. All three rows predate STABLE_SINCE 2026-07-23, so --check passes — the true statement was 'zero divergence since STABLE_SINCE', and the blanket wording was wrong. The divergent rows are collateral of the seed's merge rule, which also (a) dropped 12/12/2 previously committed live rows per line — including credit_spread's dark day 2026-07-16, which data/summary.csv still counts, so the summary is currently irreconcilable with the line files on that date — (b) left two rows both dated 2026-07-14 in credit_spread and em_corp_oas, and (c) left 7 rows whose source_note says '[stale: observation already recorded]' while their re-derived status says scoring. Nothing here changes a verdict since STABLE_SINCE. The merge rule must be fixed and this collateral repaired from the _preseed archives BEFORE the queued polar_temp and gnss seeds run through the same code."
2026-08-03,(all),method,"THE SEED MERGE IS NOW SHARED CODE AND THE COLLATERAL IS REPAIRED. tools/seedlib.py owns the merge rule every seeder must use: every published row keeps its date (dark days and stale republishes included), an archive observation covered by a live row is never re-imported, and a date collision is resolved by information content and DISCLOSED. tools/repair_fred_seed.py re-merged the three FRED lines entirely offline from the seeded files plus the _preseed archives: credit_spread and em_corp_oas 789->800 rows, euro_hy_spread 789->791, restoring all 26 deleted dates including the tier-1 dark day 2026-07-16 that summary.csv counts — the summary reconciles with its line files again. One archive observation per credit line (2026-07-14) is NOT in the series: its date is held by a published first-occurrence row, and fabricating a place for it would be worse than disclosing its absence. The broken files are archived as <line>_seed1.csv. replay --check passes; scoring rows judged since STABLE_SINCE are unchanged."
2026-08-03,(all),correction,"THE REACHABILITY ARITHMETIC OF 2026-07-29/30 IS VOID FOR THE FRED LINES. Those figures (em_corp_oas 'needs to exceed its own all-time record by 2%', credit_spread 'hair-trigger +2.8%') were computed against 29-row live baselines. Against the seeded 787-observation records they are simply false — the 2025-04 episode carried em_corp_oas to z=11.3 and credit_spread to z=12.2, so both alarms sit comfortably INSIDE the observed range. Reachability is baseline-relative and must be recomputed after any seed; the gate itself (registered in radar.md round 9) survives, the numbers do not."
2026-08-03,polar_temp,method,"SEEDED FROM DMI'S OWN PER-YEAR FILES: 12 live rows -> 2,740, back to 2019-01-01, scored oldest-first by the same builder as every live row; all 12 live rows preserved with identical raw values. TWO SOURCE FACTS learned by contact: the directory serves 2019+ only (an earlier probe's claim of 2017 did not survive checking — recorded here so the next reader distrusts probes appropriately), and the 2023 file is comma-separated where every other year is whitespace-separated — the seeder AND the daily fetcher now parse both, and the first seed attempt wrote a year-long hole because the guard checked for failed requests but not empty parses; caught, guard fixed, re-run. THE RECORD ITSELF: across 7.6 years the anomaly trembles warm 384 times and cold 4. That 96:4 asymmetry is the warming, visible in a context line with no model in it."
2026-08-03,chokepoint_breadth,method,"THE LEVEL LAYER EXISTS. tools/level_layer.py walks the per-strait component record with a pinned pre-event reference: open after 14 consecutive days of a 14-day trailing median <=0.5x the median of days t-365..t-60 (>=30 obs, >=5/day); the reference is PINNED at open so a broken state cannot argue itself normal by becoming the baseline; clear at 0.8x pinned. Replayed over all 212 component days it opens exactly two states — Hormuz 2026-04-06, STILL OPEN at ~14% of its pinned 72/day, and Kerch 2026-05-14, self-cleared 05-19 — with zero breach days across the other 26 straits including Taiwan through its July AIS artifact. This is the first written answer to the change-vs-level limit: while every scored line reads calm, data/levels.csv says the strait is closed, in a file that is derived, unscored, uncounted, and unmirrored. The daily workflow recomputes it after the data commit."
2026-08-03,(all),method,"LEG DISCIPLINE FOR THE SPREAD FAMILY, learned from three separate defects of the same species. sofr_iorb_spread now differences the two series on their newest COMMON date — SOFR posts T+1 and IORB same-day, so 'latest of each' across an FOMC step manufactured a spread jump the size of the policy move (~12 Qn) out of publication schedules. fx_parallel_premium maps weekend republish stamps to their Friday: dolarapi advances fechaActualizacion while both markets are closed, so obs-dedup had structurally NEVER fired for the line and every frozen weekend quote was scored three times. cnh_cny's weekend darkness is now labeled as what it is — market closure, not fetch failure; the line goes dark every China-Sunday by construction and that dark_count=1 is a market fact. grid_frequency's Statnett fallback is disclosure-only: a ~60s snapshot max is not the same quantity as a 24h max and no longer scores into the same series. One species of mistake: treating two numbers as one observation without proving they describe the same moment."
2026-08-03,chokepoint_breadth,artifact,"THE FIRST SHORT PANEL IN 212 OBSERVATIONS: PortWatch's response for obs 2026-07-24 carried 27 straits — no Strait of Hormuz row at all, verified by a direct single-date query. Absence, not zero: this is day ~146 of the closure, and the source simply stopped saying anything about the strait that day. The recorded total (1782, z=-1.666) is therefore a 27-strait number sitting in a 28-strait series; at Hormuz's closure-era ~10/day the bias is ~0.5%, well inside the line's Qn, but the class of defect is the one the flights line guards against with require-all-regions. Handling: the fetcher now discloses panel size in source_note whenever it differs from 28, and the post-commit audit demands the full panel-union per date unless the date is explicitly acknowledged in tests/audit_record.py — this date is the first entry. If the absence persists, it may mean zero transits are being served as no-row, which would make a FULL closure literally invisible to the sum; the level layer, which tracks Hormuz's own series, is the instrument that stays honest in that case."
2026-08-03,gnss_interference,method,"SEEDED TO 2022-07-27 FROM GPSJAM'S OWN DAILY FILES: 43 live rows -> 1,466, of which 1,452 score. 1,423 archive observations were fetched one day at a time, 1.5s apart (~36 minutes, ~264MB against a personal static site — the pacing is the cost of asking). Two days, 2025-05-17 and 2026-04-15, served a file that parsed to zero aircraft; they are recorded as served-nothing, not as zero interference. The raw bad/total counts are archived in data/archive/gnss_seed_fetch.csv, so the numerator this line's ratio destroys is no longer lost at capture. Aggregation runs through the FETCHER'S OWN counts_from_csv, so 'identical to what the live fetcher would have recorded' is true by construction, not by copy-paste. All 43 published rows keep their dates and raw values; 40 of them have new verdicts because they are now judged against a full 90-point window instead of a warming-up handful — 10 rows leave warming-up and score for the first time, and no tremble was created or destroyed. The pre-seed file is archived as data/archive/gnss_interference_preseed.csv under the usual archive-and-restart protocol."
2026-08-03,gnss_interference,correction,"ROUND 7'S 'TENFOLD GROWTH IN THE SAMPLING FRAME' IS AN ARTIFACT OF BROKEN DAYS, NOT A TREND. Across the full four years the tracked-aircraft frame runs 342,575 to 3,493,573 — a 10.2x spread that reproduces the round-7 figure exactly — but 9 of 1,423 days are partial files below 1.5M aircraft, and the extreme is one of them. By yearly median the frame grew from 2,467,141 (2022) to 3,029,920 (2026): 1.23x over four years. The correct statement is that the frame is stable to within a quarter and occasionally broken, not that it grew tenfold. This matters because 'the 90-day baseline spanned a tenfold growth in the sampling frame' was one of the two reasons regionalization was deferred in round 7. That reason does not survive the data; the other one (candidate boxes losing the detection when their edge moved one degree) is untouched by this seed and still stands."
2026-08-03,gnss_interference,correction,"'IT READ 0.47% AND NEVER MOVED' WAS A STATEMENT ABOUT A 39-OBSERVATION BASELINE. Re-scored against the seeded record, the July 2026 Gulf window peaks at z=+2.871 on obs 2026-07-07 and prints 2.05 and 1.82 later in the same window — an approach to the alarm from a line that was described as flat. It still does not cross 3.0, so the demotion's CONCLUSION holds: a worldwide ratio cannot be trusted to catch a regional campaign. But the evidence for it was weaker than recorded — the line was not motionless, it was under-powered, and those are different diagnoses with different fixes. Note also that this line is not silent in general: across 1,452 scored observations it fires 49 alarm-direction trembles (3.4%), clustered in 2023-06 (9), 2024-03 (6) and 2025-06 (10) — real episodes, not scatter."
2026-08-03,gnss_interference,real,"THE FOUR-YEAR RECORD SHOWS A LEVEL SHIFT THE ROLLING z CANNOT SEE. Monthly medians run 0.19-0.25% through 2022 and the first half of 2023, step up over 2023-06..2023-08 to ~0.44%, and have never returned: the first-year median is 0.236% and the last-year median 0.388%, a 1.64x rise in the global share of aircraft reporting bad GPS. No day in that drift is unusual against its own trailing 90 days, which is the change-vs-level limit in its purest form — the world got measurably noisier and every single day looked normal. Two independent context lines now show the same shape from different domains: polar_temp trembles warm 384 times and cold 4, and this line's floor is up two thirds in four years. Neither is a tension indicator and neither is counted; what they are is the evidence that the level layer is not a chokepoint-specific convenience."
