date,line,lean,evidence
2026-07-05,flights,unavailable,no machine classifier for this line
2026-08-28,flights,unavailable,no machine classifier for this line
2026-09-29,credit_spread,unavailable,no machine classifier for this line
2026-09-30,credit_spread,unavailable,no machine classifier for this line
2026-10-01,credit_spread,unavailable,no machine classifier for this line
2026-10-02,credit_spread,unavailable,no machine classifier for this line
2026-10-03,credit_spread,unavailable,no machine classifier for this line
2026-10-06,credit_spread,unavailable,no machine classifier for this line
2026-10-07,credit_spread,unavailable,no machine classifier for this line
2026-10-08,credit_spread,unavailable,no machine classifier for this line
2026-10-09,credit_spread,unavailable,no machine classifier for this line
